Minmum Pixel Intensity,Maximum Pixel Intensity,Mean,SD,Total Pixel,Noise,Entropy,Result
0,255,108.38727325853202,74.88286255084306,855600,0.3563155945385854,7.157562284093496,0
0,255,91.6726834969612,67.74551575255775,855600,0.4407019401296541,7.473409208513289,0
0,255,87.89446937821413,74.21363178908081,855600,0.7556360693406203,7.691606937627865,0
0,255,143.03191444600282,63.15382528505145,855600,0.40759676786756077,7.7404348477398175,0
0,255,69.4872463768116,56.793085281593214,855600,0.47764815337081673,7.221479863527087,0
0,255,150.84272440392706,74.46104239161308,855600,0.4594721523039378,7.735664026532356,0
0,255,88.1109373539037,87.32767880420201,855600,0.5454819128308483,6.808577135841955,0
0,255,86.96971365123889,68.31323702076739,855600,0.574151833006494,7.561064308556493,0
0,255,94.74077840112201,72.78824771663831,855600,0.7206103765889936,7.712775105987103,0
0,255,75.62065801776531,50.609748198847456,855600,0.48208340545728,7.152096059073201,0
0,255,126.83470780738664,83.95669365337314,855600,0.4467606071519538,7.671189961668041,0
0,255,114.13616760168303,80.58188386939159,855600,0.5432642867876157,7.41037189356824,0
0,255,82.07304581580178,66.65788453243661,855600,0.6260272174428557,7.668832658585992,0
0,255,88.25156147732585,57.241578475361266,855600,0.5951396712239939,7.5488973307324,0
0,255,120.03856358111267,71.18772464087422,855600,0.6954843918387171,7.851589747670226,0
0,255,115.20326203833567,100.20724477055722,855600,0.3910441817365205,6.905955929653778,0
0,255,81.33525829827022,65.38498119396424,855600,0.6177509243773397,7.649102953225386,0
0,255,81.63692379616643,58.15028054547,855600,0.6977020178819492,7.611061672471744,0
0,255,109.85586839644694,69.82182545927945,855600,0.43050512657460493,7.658190692631537,0
0,255,65.68306451612904,67.47121893121263,855600,0.6110980462476434,7.293501637620907,0
0,255,92.2664095371669,56.96871918561932,855600,0.5846457521152412,7.6357587601205,0
0,255,56.48393174380551,46.28376279358543,855600,0.4958241544377013,7.023836018698157,0
0,255,119.4424497428705,88.46565821696196,855600,0.525088285720734,7.210020029060828,0
0,255,133.80752571294997,78.18515067782788,855600,0.6381445514874476,7.889181190898133,0
0,255,104.11678705002338,75.78136062481458,855600,0.5024770325673948,7.774723814685012,0
0,255,96.55830995792427,59.18350367454757,855600,0.2923228760576188,7.580631035175862,0
0,255,91.33991701729781,73.98011786968046,855600,0.5680931659841925,7.568062600043981,0
0,255,134.44039738195417,68.88618948700368,855600,0.6314916733577541,7.944590942259178,0
0,255,51.467443899018235,48.78616709191836,855600,0.4693718603052954,6.954543052144427,0
0,255,72.85148550724638,60.747007416156784,855600,0.7368658571663428,7.460284355654822,0
0,255,71.06932328190743,79.42312725579649,855600,0.48814207247956953,6.992107654439617,0
0,255,95.40942847124825,70.97619862050743,855600,0.8234698288006509,7.710030256195002,0
0,255,109.52222417017298,62.35959679207654,855600,0.40759676786755716,7.680292225484712,0
0,255,117.77420640486208,58.300783553694174,855600,0.3728681806696296,7.739688233903609,0
0,255,122.38718209443665,81.81860266732384,855600,0.7308071901440435,7.921257813791817,0
0,255,125.04044647031323,66.34962426001641,855600,0.7037606849042458,7.951518385075128,0
0,255,113.26995324918187,66.41219007532352,855600,0.6750907647285976,7.835094100497046,0
0,255,113.55491818606825,75.80171171673403,855600,0.4219317279553825,7.71945788374075,0
0,255,123.48041491351098,82.19030955260679,855600,0.5537582058963609,7.4657946311281265,0
0,255,115.30796283309958,73.63429082695201,855600,0.910668011542346,7.955222427844973,0
0,255,63.23458391771856,64.2763856159605,855600,0.5884867930942969,7.2608964244021745,0
0,255,102.38302828424497,71.9807168719177,855600,0.4776481533708201,7.7262264763855235,0
0,255,60.61485507246377,47.620749246063546,855600,0.570310792027423,7.186736534703329,0
0,255,118.21886863020103,80.2155988126758,855600,0.5703107920274221,7.812466882853158,0
0,255,130.6579850397382,93.93322003249678,855600,0.4302080210208991,6.7096104408616295,0
0,255,93.39378564749883,75.38186899334134,855600,0.498041780480935,7.368813754986302,0
0,255,67.69154511453951,62.06286302869125,855600,0.5206530336342748,7.334335901811763,0
0,255,108.17748714352501,70.24362394851228,855600,0.5763694590497104,7.914564586050707,0
0,255,45.131847826086954,41.734847947105955,855600,0.3926675966723454,6.454199621884171,0
0,255,149.85204067321177,89.35807306099767,855600,0.5145943666119762,7.51914986503916,0
37,255,161.45256428237494,53.14470488473968,855600,0.3353277563210755,6.903850979120525,1
21,255,137.5199018232819,62.57971396315148,855600,0.6276506323786859,7.690116469390093,1
59,255,199.45210729312763,48.4503705615437,855600,0.38498551471421827,6.838200859476299,1
31,255,131.25992636746142,56.45662795964959,855600,0.47764815337081906,7.639553295987767,1
17,255,134.93690158952782,59.16129852554183,855600,0.7247485231217476,7.628893449784015,1
43,255,111.34505843852267,36.57259787745696,855600,0.3849855147142211,6.917802133524266,1
41,255,128.51216690042077,48.24486118577982,855600,0.5394232458085484,7.261253239297605,1
22,255,140.49354955586722,60.635928042031864,855600,0.4633131932830035,7.675069633985182,1
28,255,149.09476040205703,66.81236915376414,855600,0.5206530336342764,7.296716314469302,1
24,255,122.87857059373539,51.254425424867286,855600,0.6298682584219252,7.585225007500258,1
20,255,136.4382316503039,61.6831662877142,855600,0.47543052732758556,7.696790068439522,1
75,255,151.0053669939224,32.709066460216846,855600,0.3458216754298351,6.9154111029713325,1
32,255,170.11097358578775,56.23305675080516,855600,0.3971028487588047,7.23374643538011,1
57,255,147.5453319308088,45.06323518878677,855600,0.49641836554509616,7.2593888210500594,1
28,255,152.97857643758766,55.11853552586262,855600,0.45281927417424445,7.343239004988571,1
29,255,173.82582748948107,45.81379051840712,855600,0.5372056197653157,7.34995759469286,1
61,255,152.09530738662926,38.97807158478204,855600,0.51459436661198,7.2655072810959975,1
115,255,203.3962342215989,27.412134129858774,855600,0.37892684769192764,6.717642079718377,1
13,255,130.26044880785415,63.894348549121815,855600,0.5079414884822854,7.714392026266261,1
32,255,185.16032141187472,36.43667496885377,855600,0.3540979684953623,7.042245914995125,1
27,255,122.83336489013558,57.05616342371408,855600,0.49198311345863494,7.639507951124102,1
46,255,185.79512155212717,46.58485195375976,855600,0.3397630084075358,6.988601916168046,1
37,255,118.34648901355774,40.146298833390176,855600,0.4732129012843578,7.110857276399521,1
65,255,164.24673211781206,45.195918969210965,855600,0.46715423426207764,7.277703085129514,1
35,255,160.64359981299674,51.34155989321018,855600,0.631788778911441,7.594318812241755,1
41,255,151.84352150537634,47.99457841525144,855600,0.49198311345863105,7.445945461575811,1
19,255,115.8394798971482,64.79111555418078,855600,0.4853302353289372,7.2672816925359855,1
42,255,164.69968793828892,61.34934569191765,855600,0.611692257355049,7.616719103205011,1
37,255,141.80207106124357,49.956898289303325,855600,0.29232287605762164,7.424563268323253,1
38,255,135.78683263207105,49.5430005667985,855600,0.5432642867876137,7.4762106132719754,1
76,255,167.76321061243573,42.346014252489596,855600,0.4467606071519648,7.14021235183584,1
45,255,157.053090229079,46.70897459934541,855600,0.47764815337082006,7.39712662015161,1
77,255,192.5359770920991,38.66803071691766,855600,0.49582415443769956,7.1194615814677595,1
52,255,126.85447522206638,38.215350422389186,855600,0.4467606071519497,7.066423025243025,1
20,255,141.14851683029454,59.78345711617392,855600,0.4897654874154062,7.645043839522122,1
27,255,127.71798153342684,50.65085895655266,855600,0.615533298334101,7.5751357948534315,1
30,255,139.20455002337542,51.59675540578446,855600,0.4015381008452699,7.447879574927195,1
39,255,150.8353167367929,44.11685453895293,855600,0.5250882857207307,7.425399479307252,1
32,255,155.80181510051426,65.50764717894697,855600,0.6546971376184944,7.706813795067313,1
18,255,154.4286535764376,51.11546034256106,855600,0.6066627941611771,7.5496573511976965,1
85,255,182.33071645628797,53.07069763157819,855600,0.37892684769191615,6.673885264240052,1
72,255,143.67607526881721,44.239170568100334,855600,0.47764815337081873,7.253965011365376,1
83,255,154.85458158017767,41.48148585595079,855600,0.4566603151533082,7.196361365077415,1
47,255,172.96362903225807,59.41042240457212,855600,0.37065055462640695,6.772640201670099,1
42,255,119.99109747545582,46.03202283427161,855600,0.4489782331951873,7.321060836716689,1
33,255,140.42466923796167,50.9394450323043,855600,0.5206530336342701,7.533553497368077,1
28,255,152.41171224871437,73.09702850326381,855600,0.3954794338229701,6.930542505489077,1
73,255,186.05815217391304,51.508258296989354,855600,0.36621530253994106,6.994887551324132,1
77,255,176.15635577372603,39.06853457604011,855600,0.3480393014730609,6.965955863188705,1
52,255,184.01802594670406,50.70159158893832,855600,0.4942007395018721,7.353159181683404,1
32,255,136.3456556802244,51.0505274750816,855600,0.29838154307991277,7.447750002780256,1
48,255,172.59534712482468,47.915200823283676,855600,0.3910441817365096,7.208701351163401,1
82,255,180.66224053295932,37.64025218443453,855600,0.34582167542982317,6.918299055293964,1
90,255,185.36099228611502,51.32988763439888,855600,0.3684329285831711,6.637852429492092,1
22,255,161.47859864422628,49.14397520902459,855600,0.5824281260719982,7.482111741684143,1
68,255,200.11344086021506,30.510130320310846,855600,0.2983815430799089,6.555822266022329,1
24,255,115.33556919121085,54.09201196302505,855600,0.44676060715195526,7.619385553701971,1
16,255,134.0366023842917,62.42262914341376,855600,0.5002594065241608,7.685632021292387,1
38,255,159.22937120149604,63.17281498726176,855600,0.4980417804809272,7.233144597244218,1
56,255,144.83930691912107,39.86064026333666,855600,0.6072570052685803,7.2805255723211815,1
45,255,141.25223468910707,66.569074741429,855600,0.500259406524154,6.972186895199863,1
82,255,159.77055750350632,38.57463062986558,855600,0.39488522271557497,7.113640192982337,1
25,255,145.40383590462832,68.14076223553312,855600,0.5228706596775053,7.32023939667639,1
66,255,141.03568256194484,33.858386237683135,855600,0.35409796849536085,6.941145529807133,1
73,255,189.34622253389435,49.688662940968584,855600,0.5123767405687403,7.256120032450769,1
47,255,156.3304125759701,67.4763417670492,855600,0.5024770325673903,6.887409184676206,1
58,255,189.73728494623657,38.9767601693842,855600,0.44454298110871776,7.050439710465001,1
26,255,178.8438090229079,39.013874405187956,855600,0.3744915956054598,7.165749998154289,1
39,255,152.68771972884525,55.95369207283439,855600,0.40537914182432894,7.229661980184086,1
35,255,163.06105072463768,52.7396888749516,855600,0.5929220451807647,7.617621369597921,1
27,255,148.08804230949042,58.730570507867554,855600,0.45281927417425116,7.632700509388122,1
44,255,125.38584385226741,38.928849911995975,855600,0.4572545262607181,7.085683860545544,1
41,255,165.8486909770921,53.57450110540639,855600,0.6999196439251838,7.566529416265227,1
88,255,165.58553646563814,36.08301017382683,855600,0.39104418173650135,6.91678134575087,1
52,255,176.46217157550257,49.81031895863196,855600,0.6403621775306786,7.430377314163529,1
59,255,177.05656848994857,38.06483424356462,855600,0.5333645787862572,7.048120666971138,1
14,255,91.94610448807855,51.844815096625574,855600,0.47764815337080946,7.485155530496524,1
42,255,146.97002454417952,48.902284716226774,855600,0.2923228760576102,7.402129956070798,1
67,255,185.88391070593735,35.45868628484035,855600,0.50853569958967,6.935815279730298,1
73,255,208.7209396914446,32.744619242648994,855600,0.28404658299209534,6.526239290455837,1
27,255,170.92888849929875,46.58229092097332,855600,0.5394232458085618,7.379231828529585,1
92,255,188.8535098176718,35.03820215877172,855600,0.3314867153420084,6.809437568818877,1
65,255,178.87507947639082,41.32556532601202,855600,0.4241493539986148,7.23596470930553,1
56,255,148.17802711547452,39.9935888812313,855600,0.5228706596775073,7.299359603158906,1
21,255,141.5400432445068,69.54251253476177,855600,0.527305911763969,7.343691938902177,1
80,255,179.14726157082748,54.87436859125357,855600,0.391044181736504,6.7175933124717035,1
34,255,157.80404862085086,56.43951183758719,855600,0.7451421502318679,7.656499688554269,1
16,255,96.19408835904629,52.296993305203664,855600,0.4754305273275798,7.516781684451148,1
13,255,163.42257480130903,47.36742134792229,855600,0.39710284875881396,7.421325332928377,1
68,255,171.66702080411406,63.770835224490455,855600,0.39932047480202676,6.357128142734067,1
40,255,144.97980014025245,48.55428642851054,855600,0.5598168729186775,7.516065413247628,1
24,255,164.76848059841046,48.23948098250442,855600,0.5620344989618995,7.4440269770573515,1
67,255,168.3625853202431,42.65265480592118,855600,0.4770539422634184,7.329545122938721,1
51,255,190.32367227676485,43.81137869234339,855600,0.32926908929878346,6.906857460864035,1
21,255,144.3070254791959,78.715471813169,855600,0.4015381008452675,6.949738746741917,1
69,255,205.5344471715755,34.629746047128094,855600,0.28626420903533717,6.604614788043826,1
47,255,154.8306661991585,47.4773618279143,855600,0.3910441817365076,7.3491695691399705,1
44,255,155.4083941093969,44.66948067348639,855600,0.36015663551765525,7.423726202057132,1
42,255,129.1381755493221,43.195853553626094,855600,0.6524795115752645,7.36984425903958,1
63,255,141.8079371201496,42.03562475841273,855600,0.4219317279553785,7.230532490644498,1
19,255,104.2697837774661,53.09005225517509,855600,0.4610955672397687,7.568293178220532,1
29,255,127.14096072931277,56.75842379283683,855600,0.48754786137217115,7.640859298827647,1
80,255,172.0670476858345,41.77016596259074,855600,0.44454298110872137,7.106752649716606,1
47,255,162.440402057036,42.46304733741048,855600,0.4942007395018722,7.3258336937473985,1
56,255,155.74981767180927,46.60307648566156,855600,0.48976548741540976,7.3440754249169276,1
78,255,156.10963884992987,36.78083632342132,855600,0.4015381008452697,6.984592553549209,1
25,255,144.36933964469378,59.65485663708714,855600,0.45725452626070373,7.653572074403703,1
64,255,183.20047568957457,52.662992915536734,855600,0.537205619765318,7.364784643300258,1
55,255,161.64772440392707,45.846747792589746,855600,0.3767092216486958,7.301669524020823,1
96,255,190.64373772791023,32.917729428995756,855600,0.4219317279553742,6.978768017643066,1
30,255,176.14902407667134,63.18353133665867,855600,0.5327703676788408,7.494666278864946,1
77,255,139.2276858345021,31.76158789132915,855600,0.4738071123917678,6.902616735462445,1
59,255,159.90136161757832,55.74926224848407,855600,0.47158948634853753,7.508109593966432,1
95,255,155.65170056100982,28.721872148616335,855600,0.4445429811087232,6.7912708232317875,1
30,255,156.09715521271622,54.29377579936222,855600,0.45060164813101267,7.315751582336538,1
30,255,183.1392391304348,37.20835990131657,855600,0.3563155945385934,7.081270267986193,1
36,255,167.05483520336605,51.289684282166675,855600,0.580210500028778,7.457775192839918,1
33,255,156.94559957924264,54.10901203513118,855600,0.42193172795537554,7.354623783465901,1
56,255,194.53417718560075,41.245548849490106,855600,0.32926908929876697,6.831070147016922,1
26,255,167.91840112201965,47.38990364641573,855600,0.5553816208322081,7.411061354788896,1
45,255,160.95192847124824,54.148352557026556,855600,0.39104418173651756,7.196909594955608,1
45,255,158.7611582515194,42.96143765082722,855600,0.5123767405687395,7.360535899642298,1
19,255,129.2249298737728,66.95435857102264,855600,0.5311469527430286,7.608346627928141,1
65,255,154.04571528751754,38.09667922645624,855600,0.5846457521152425,7.223835108943653,1
56,255,176.3745371669004,55.885840801060816,855600,0.5620344989619026,7.469496997890082,1
63,255,179.1358368396447,55.01299874837715,855600,0.3849855147142227,7.078504697389601,1
42,255,154.90040322580646,43.50529869257493,855600,0.514594366611982,7.394312326287665,1
46,255,119.86316736792894,38.55447462214911,855600,0.4602838597718497,7.083007188753209,1
43,255,170.32321645628798,55.23199023006164,855600,0.5145943666119654,7.509643061236966,1
63,255,195.56470780738664,32.32930821419484,855600,0.30665783614543846,6.649817744670677,1
25,255,170.22321528751752,65.11509361792321,855600,0.5598168729186533,7.587443138345769,1
55,255,177.79776414212247,45.4531100383515,855600,0.5493229538099081,7.399422914073709,1
51,255,158.30896446937822,46.636347242335205,855600,0.3767092216487047,7.3271609524988035,1
95,255,186.86137096774195,52.861529200059046,855600,0.263652955881982,6.290670195394759,1
48,255,179.9512412342216,43.21763111755496,855600,0.4693718603052914,7.18580612420557,1
101,255,160.56256895745676,27.788557493603474,855600,0.43848431408642113,6.744016648865023,1
52,255,144.09943548387096,41.065685267144765,855600,0.533364578786251,7.332905852068983,1
40,255,136.94867695184666,68.26498277441448,855600,0.5063180735464573,6.984176894399392,1
50,255,174.38392589995325,47.086686124707875,855600,0.5620344989618925,7.453332973499843,1
39,255,170.72396096306684,50.40924939403209,855600,0.5620344989618965,7.428914269512081,1
19,255,108.77504558204768,58.01448473632993,855600,0.5145943666119761,7.623665828006665,1
28,255,122.83838475923329,73.74941801473793,855600,0.5349879937220934,6.987415126598953,1
45,255,144.50646563814865,58.47399023639145,855600,0.5145943666119824,7.61111882359042,1
47,255,128.7500654511454,38.38348752134786,855600,0.45281927417425094,7.074905793607616,1
31,255,138.5170278167368,59.07510504750853,855600,0.44070194012965924,7.2685892180573894,1
58,255,136.7489375876578,42.97062456134413,855600,0.427990394977674,7.24595523441239,1
46,255,168.79714703132305,59.43293968289008,855600,0.5989807122030475,7.570091163424906,1
69,255,172.90314516129033,43.1719392422213,855600,0.2614353298387522,7.239214461770349,1
18,255,169.03430575035063,43.97004068257098,855600,0.3971028487587975,7.331801752327662,1
69,255,205.9223468910706,43.368006968653695,855600,0.36015663551765226,6.694558904622931,1
31,255,163.08314399251987,57.51895485392545,855600,0.5824281260720064,7.601835974997723,1
53,255,135.1684502103787,37.36824602603644,855600,0.45281927417424317,7.053346139263514,1
37,255,157.99286348761103,65.17858140228559,855600,0.5228706596774951,7.272398654196004,1
103,255,191.30325151940158,49.69142316280231,855600,0.2305477836198857,6.104466359228845,1
125,255,202.7923363721365,41.15773223022287,855600,0.20571890442330945,5.919005252399718,1
36,255,155.98580645161292,63.40156113396112,855600,0.45119585923842404,7.505587426359782,1
51,255,156.53243571762505,46.92044533634531,855600,0.28020554201302034,7.356098083348022,1
27,255,175.13064399251988,61.30508532995598,855600,0.44070194012966457,7.49442726494765,1
50,255,112.79628681626929,36.66187864106671,855600,0.5349879937220879,7.0408317974201395,1
52,255,141.60785881252923,45.955368213575774,855600,0.5145943666119761,7.268320852898132,1
63,255,139.62329242636747,37.64340508920767,855600,0.4279903949776786,7.043160385102958,1
32,255,159.4843115942029,53.61764495619067,855600,0.4550369002174783,7.552692078380284,1
42,255,168.03559841047218,50.67372805957115,855600,0.3232104222764873,6.853478876456657,1
53,255,166.56537050023374,44.372857799632364,855600,0.4550369002174799,7.336474113547326,1
27,255,141.78433847592333,65.27417743633508,855600,0.5002594065241601,7.575019221557938,1
31,255,178.0058894343151,59.783306683176086,855600,0.4362666880431978,7.453846749220135,1
70,255,168.17172159887798,44.49196006084919,855600,0.4550369002174787,7.241357750327161,1
48,255,180.3361605890603,51.94871266975989,855600,0.5145943666119762,7.402794121650638,1
53,255,179.72089644693781,46.377445142476965,855600,0.3044402101022094,6.740459989654497,1
63,255,169.83549672744272,39.82055857984842,855600,0.34390115494030055,7.257541489473354,1
33,255,178.8871154745208,62.2753140461961,855600,0.5145943666119931,7.448419017015777,1
28,255,134.16120967741935,52.642539965423424,855600,0.5273059117639679,7.569148478672706,1
111,255,195.39533309957923,46.664293185381,855600,0.21621282353206686,6.0343371044507,1
17,255,100.29629733520336,52.71623619012247,855600,0.46715423426206665,7.544475970233187,1
59,255,164.84110215053764,45.093337287704955,855600,0.37670922164868365,7.283975105245164,1
21,255,113.66942262739597,57.67784759645556,855600,0.5085356995896839,7.632368394330731,1
107,255,165.2335752688172,26.89525519214233,855600,0.4241493539986052,6.696739825153957,1
57,255,130.04132421692378,34.9609423074701,855600,0.3684329285831725,6.942821250941231,1
30,255,156.7082187938289,54.505391297233324,855600,0.4610955672397666,7.577670228923653,1
22,255,121.96906732117812,63.142525667023406,855600,0.4715894863485233,7.271903509513038,1
28,255,133.28867928938757,60.30517149976584,855600,0.45281927417424583,7.273933415084877,1
39,255,147.37381954184198,49.3603277305499,855600,0.4015381008452514,7.392603221827339,1
73,255,176.50597826086957,42.273692542022424,855600,0.25921770379552367,7.206636070108752,1
37,255,161.16336489013557,52.367623584147495,855600,0.4152788498256866,7.306718037714621,1
40,255,167.0311535764376,50.71859434004079,855600,0.582428126072009,7.562517121592734,1
26,255,150.83673211781206,56.43317912290151,855600,0.4693718603052998,7.617733599310817,1
41,255,155.27275011687703,45.1442855761775,855600,0.6028217531821135,7.293684423298523,1
36,255,138.99517531556802,55.85187922030955,855600,0.4671542342620647,7.630472665438203,1
38,255,161.47258181393175,55.410085199701776,855600,0.4241493539986221,7.552757762487027,1
58,255,161.63260986442262,45.64336163022141,855600,0.49641836554510216,7.414265116877656,1
42,255,162.67987844787282,62.90002086679832,855600,0.508535699589686,7.235281221643698,1
65,255,155.85465404394577,38.01846090577868,855600,0.5024770325673924,7.232175476562632,1
53,255,124.29555516596541,48.87778071152703,855600,0.5190296186984384,7.336330526518106,1
47,255,170.84368747078074,47.755765185670995,855600,0.5852399632226385,7.465247615643181,1
34,255,143.50953366058906,57.99689197708605,855600,0.41971410191214603,7.258931236130189,1
71,255,171.35553529686769,40.57304103920251,855600,0.35409796849535,7.01230428077088,1
22,255,167.01922159887798,66.15624896834358,855600,0.5642521250051327,7.629204726677847,1
37,255,168.33803412809723,48.88452113031304,855600,0.5002594065241578,7.3239450735249,1
26,255,120.48201612903226,61.67757096219697,855600,0.5824281260720046,7.696463141845307,1
16,255,150.66448340345957,52.22935365544124,855600,0.6105038351402442,7.583436829741752,1
41,255,174.2096201496026,49.567246946598345,855600,0.5515405798531302,7.398552686820799,1
42,255,142.091683029453,49.82603377661065,855600,0.4241493539986185,7.247640346149759,1
12,255,123.11623539036933,64.06205477637911,855600,0.49360652839447244,7.417491426621993,1
58,255,182.3900397381954,44.28259372972411,855600,0.37227396956222303,7.106490087875412,1
22,255,174.15536115007012,41.22765312361212,855600,0.38114447373515575,7.247963002835028,1
48,255,174.114497428705,48.4258887234965,855600,0.31493412921096015,6.798543418486932,1
20,255,171.65103436185134,42.526809608911535,855600,0.3849855147142158,7.289756809652819,1
82,255,205.57796283309958,37.08418167483688,855600,0.19360157037872697,6.323377545432124,1
54,255,195.85866877045348,51.27714244714956,855600,0.40759676786755805,6.905233767542329,1
26,255,149.74250584385226,55.997635015548504,855600,0.45281927417425155,7.364825355136593,1
22,255,111.77438639551193,53.79458666590627,855600,0.452819274174247,7.606060870432558,1
37,255,140.95541023842918,49.05109390042623,855600,0.5816164186040748,7.532818178808632,1
22,255,144.4991187470781,58.60157208821537,855600,0.4859244464363371,7.631807999645916,1
78,255,189.24669004207573,49.86755079492083,855600,0.3540979684953555,6.948866421383867,1
20,255,140.30902407667134,57.767340550877584,855600,0.6977020178819521,7.6107113289720605,1
36,255,167.8127641421225,56.03690049357721,855600,0.5592226618112673,7.550558499033714,1
34,255,180.74742052360915,58.3209819169062,855600,0.42636698004184104,7.420148428759833,1
46,255,117.04555049088358,50.60907944345538,855600,0.5394232458085483,7.351866370381182,1
78,255,155.595502571295,39.413399281040704,855600,0.399320474802042,7.144271091005245,1
33,255,142.06808438522674,45.61508570168561,855600,0.5394232458085603,7.482520493820509,1
27,255,106.93744389901823,42.3308359120827,855600,0.4798657794140507,7.166936074807518,1
64,255,202.79553646563815,45.81465598049116,855600,0.37065055462640456,6.765726282281358,1
78,255,202.0760553997195,38.4030983014123,855600,0.21177757144560969,6.394359102841251,1
62,255,153.09665848527348,44.281371861428575,855600,0.48976548741539777,7.2458642108464355,1
50,255,170.87230014025246,58.87127012702384,855600,0.46109556723976847,7.169406752008196,1
60,255,156.74441912108463,60.298785259738246,855600,0.4556311113248804,6.970507890173729,1
52,255,139.87429523141654,40.86483119454839,855600,0.6260272174428518,7.3061687177037,1
61,255,175.00789036933148,42.297693725516105,855600,0.44010772902226264,7.271300322539382,1
41,255,151.83833099579243,69.98595976619418,855600,0.5145943666119708,6.921481909518411,1
42,255,141.18838592800375,48.77484277754755,855600,0.532770367678855,7.447560809270073,1
59,255,131.1331580177653,47.24592377502615,855600,0.5123767405687358,7.315339331927643,1
103,255,195.22166316035532,30.93759877696979,855600,0.40153810084527547,6.892030587870197,1
78,255,149.43297335203366,42.825356475630585,855600,0.4671542342620649,7.2264560601342,1
46,255,161.3011150070126,43.081467865714224,855600,0.5802105000287812,7.226478618670564,1
56,255,160.95269635343618,45.94996186524915,855600,0.269711622904276,7.328560373972691,1
60,255,181.03999181860684,43.92625653133224,855600,0.5372056197653308,7.342921282357152,1
44,255,165.28990532959327,60.95511923941859,855600,0.4776481533708246,7.190130928674932,1
63,255,193.82983520336606,47.205571860986126,855600,0.4489782331951841,7.197581369564211,1
24,255,146.3772206638616,56.92732750750493,855600,0.464936608218834,7.383505900568123,1
54,255,154.92544880785414,45.66054508146078,855600,0.40153810084526564,7.160872900392748,1
37,255,183.5234244974287,61.158928310337366,855600,0.46331319328299064,7.085195332661509,1
34,255,159.8544822346891,68.07174550006903,855600,0.3910441817365129,6.874592791390748,1
40,255,165.16912108461898,50.76737261498678,855600,0.4053791418243311,7.26524938471208,1
31,255,152.62172393641887,65.5457494052607,855600,0.5168119926552002,7.277326359352083,1
39,255,159.13471715755026,62.93316311816779,855600,0.4467606071519529,7.485193753588164,1
75,255,174.59626227208977,39.90877101919088,855600,0.4511958592384195,7.24270415942822,1
47,255,146.30257363253858,48.03209350979981,855600,0.514594366611981,7.414971132529855,1
78,255,177.01988078541373,59.82076542435635,855600,0.3789268476919259,6.30468428256699,1
25,255,147.7938662926601,58.07033205475005,855600,0.4241493539986192,7.466724477380799,1
50,255,160.49645395044413,42.946164223986635,855600,0.3540979684953544,7.367670308647277,1
30,255,132.33188405797102,50.08565244540898,855600,0.6072570052685733,7.563053688196686,1
57,255,133.43162108461897,37.91904819915106,855600,0.44070194012965686,7.055302047791975,1
58,255,179.73323165030388,44.70839137543177,855600,0.5553816208322009,7.349374363175346,1
35,255,158.33597358578774,56.20023406938967,855600,0.4406223309364779,7.576849371923126,1
30,255,110.8640603085554,41.540630550172764,855600,0.4776481533708181,7.1487457246178066,1
68,255,187.06978845254793,41.14040966566514,855600,0.5145943666119868,7.229624686638531,1
16,255,166.29188522674147,45.575577902472915,855600,0.3971028487588051,7.375392862375687,1
24,255,137.79860682561946,65.79718902516325,855600,0.5145943666119738,7.58623982732135,1
68,255,145.44767882187938,37.370156161263594,855600,0.41971410191215325,7.031554828795999,1
45,255,170.7986781206171,48.83380976378965,855600,0.5720138161564323,7.506901167917604,1
48,255,148.7155049088359,47.660055306302,855600,0.41365543488985385,7.203307054571213,1
73,255,151.22138849929874,40.264978085808735,855600,0.40537914182433354,7.173241289348238,1
66,255,158.30551309022908,43.58380623533552,855600,0.47158948634852504,7.21439227587061,1
27,255,158.05465053763442,59.101138339772525,855600,0.6072570052685744,7.646785570215132,1
66,255,166.24421809256663,42.184983210082045,855600,0.3662153025399286,7.060904839223208,1
29,255,152.49185600748012,56.00307907505354,855600,0.42193172795538136,7.410030886717915,1
40,255,166.91787517531557,56.07311037082361,855600,0.5190296186984374,7.5375663317654755,1
33,255,130.07790088826553,50.34869700429577,855600,0.5581934579828322,7.501085576228441,1
20,255,121.56539971949509,50.29263498116671,855600,0.592922045180758,7.570365889155579,1
38,255,104.463605656849,37.10043976250149,855600,0.39932047480203536,6.898621027596797,1
64,255,126.72699976624591,34.05560704288463,855600,0.5063180735464532,6.976015077457033,1
53,255,131.43261921458625,43.93551012896733,855600,0.4384843140864218,7.28094168160742,1
34,255,130.82158251519402,60.393792212015484,855600,0.5575992468754329,7.672779505279058,1
70,255,158.3094518466573,37.31458096694013,855600,0.5763694590496994,7.19535884844742,1
63,255,181.62190392706873,36.70113412449854,855600,0.5145943666119833,6.991831897319618,1
35,255,159.5717391304348,57.78600507663103,855600,0.539423245808558,7.593515432903583,1
73,255,150.93710028050492,37.08488916150142,855600,0.41587306093308024,7.010494521831402,1
11,255,82.95173679289388,50.91461886335641,855600,0.4814891943498827,7.4219318261602245,1
30,255,125.78500701262273,61.030325240488,855600,0.5703107920274154,7.685756172698234,1
56,255,153.11337307152874,61.7899178382133,855600,0.4693718603052954,6.964661327826404,1
36,255,146.5606054230949,44.815414622189486,855600,0.5372056197653263,7.456742496355166,1
34,255,152.69067671809256,63.87329154744153,855600,0.4649366082188291,7.521821699870103,1
43,255,167.60057971014493,48.87934227373782,855600,0.6050393792253418,7.509602416069101,1
55,255,194.9181661991585,50.70136879433278,855600,0.3789268476919257,7.169024584143069,1
32,255,127.75392122487143,71.85081622613102,855600,0.5250882857207321,6.989064222356516,1
22,255,142.8770430107527,57.91787160446042,855600,0.47158948634851977,7.398095025069896,1
30,255,153.4495956054231,58.02042832620053,855600,0.7677534033852108,7.698770575988719,1
60,255,179.87605306217858,54.24150509420359,855600,0.5493229538099195,7.417688424515349,1
30,255,151.6532386629266,57.84383771319505,855600,0.4467606071519558,7.614460759828239,1
60,255,165.1415521271622,45.007668926534414,855600,0.2614353298387629,7.301015531476228,1
39,255,164.20121552127162,50.069187016278605,855600,0.6139098833982667,7.553003480951395,1
45,255,169.56653342683498,52.25333154407081,855600,0.6795260168150735,7.521611025935497,1
64,255,169.12462482468445,44.0831646948502,855600,0.26143532983875345,7.270419291155471,1
91,255,189.04834852734922,33.393107234281885,855600,0.3066578361454307,7.006705287519615,1
15,255,146.72507363253857,53.43958435368423,855600,0.6320858844651452,7.612863388730433,1
40,255,186.32181042543243,59.71082773894764,855600,0.491983113458633,7.303742002705546,1
109,255,199.4656930808789,29.10560724830234,855600,0.3971028487588047,6.804527951801725,1
30,255,137.3319822346891,46.5325433990286,855600,0.5620344989618881,7.505984688002166,1
53,255,171.30133239831696,58.68250962634544,855600,0.4837068203931094,7.159892100087071,1
46,255,152.50285764375877,47.58274691414508,855600,0.5394232458085501,7.485463148019371,1
53,255,149.32641771856007,63.32620271317778,855600,0.47986577941405256,6.960969955249933,1
23,255,145.3944144460028,56.48465963088492,855600,0.6795260168150654,7.591281450120084,1
38,255,183.9657737260402,60.54705654479543,855600,0.494200739501882,7.352496494721928,1
28,255,154.77375058438523,54.21226209717517,855600,0.6276506323786912,7.54484671626881,1
55,255,172.16363487611034,39.56505449077256,855600,0.5416408718517932,7.1053334882693235,1
17,255,132.19977559607293,62.805259104987705,855600,0.4776481533708193,7.71832320141606,1
36,255,121.27386395511921,49.732322345378314,855600,0.5537582058963693,7.254127346328671,1
51,255,172.68789270687236,57.62046618316858,855600,0.5808047111361786,7.520012801019181,1
37,255,166.1250935016363,44.56604135578381,855600,0.3684329285831665,7.11923634338409,1
78,255,211.61077840112202,38.99701131248651,855600,0.3480393014730523,6.545304150501525,1
60,255,198.45654394576906,38.871049272596835,855600,0.30887546218867085,6.756435275541069,1
16,255,124.6073644226274,67.61455164360238,855600,0.5454819128308405,7.617922144731781,1
85,255,185.62534829359512,34.55253439078429,855600,0.3088754621886667,7.056454342895878,1
51,255,183.40095371669005,41.66564073194781,855600,0.463313193282997,7.137290464966732,1
73,255,204.2973971482001,28.846165740660318,855600,0.284046582992105,6.465066659321937,1
35,255,181.49303412809724,61.40048666041511,855600,0.5145943666119743,7.400911471053689,1
62,255,182.4432515194016,43.774526400226584,855600,0.5394232458085488,7.313984516923548,1
37,255,146.31317087424029,49.39846024132641,855600,0.5024770325673847,7.491844983910566,1
29,255,145.60994857410006,64.81241529152177,855600,0.4776481533708301,7.561345452293774,1
39,255,142.64015194015894,55.53723935681928,855600,0.45503690021747717,7.621060413808629,1
86,255,182.12059841047218,56.24527343056587,855600,0.3149341292109589,6.382409374579414,1
57,255,165.30374006545114,41.3374950781478,855600,0.348039301473057,7.312616043566249,1
23,255,127.0980177653109,48.84402216696625,855600,0.5830223371794007,7.5463562124225065,1
36,255,148.80279920523608,47.468658200251305,855600,0.619374339313166,7.359144326981626,1
63,255,167.8942309490416,44.376092369779236,855600,0.3662153025399455,7.264204294145215,1
23,255,172.124912342216,62.90083440174315,855600,0.45281927417424156,7.532431580733299,1
64,255,184.12700911640954,42.48849225505,855600,0.5289293266997954,7.286381861853364,1
47,255,134.6446704067321,41.96578573540832,855600,0.6381445514874394,7.338086912016882,1
41,255,140.1697685834502,59.1249155685965,855600,0.5349879937220829,7.633363452046903,1
16,255,103.66388849929874,58.38539667949412,855600,0.5168119926552138,7.612286791987151,1
26,255,147.04445535296867,60.552010368549865,855600,0.5846457521152465,7.656711084281571,1
89,255,185.69790322580644,35.06167897020091,855600,0.42636698004183987,7.065838890322775,1
61,255,160.10758882655446,45.895444562726176,855600,0.48045999052146066,7.3102061722117995,1
33,255,117.22982585320243,46.1136449637166,855600,0.683961268901527,7.432335386723568,1
41,255,166.68262973352034,63.52674248721413,855600,0.38276788867099015,6.8343140142092,1
73,255,198.29133707339878,39.80115443759981,855600,0.21843044957529836,6.467361107397442,1
36,255,132.4513616175783,70.0263380617575,855600,0.5168119926552084,6.989319959667975,1
18,255,137.65899018232818,61.059845740552916,855600,0.4964183655450975,7.658765740281102,1
43,255,151.18161524076672,48.37966700518085,855600,0.3948852227155724,7.3691529563808205,1
38,255,123.34107877512857,44.57078709143298,855600,0.6684378865989166,7.400962112671579,1
87,255,184.89001870032726,36.3124181509282,855600,0.3375453823643076,6.860833796915386,1
40,255,112.42584385226742,38.9693815529797,855600,0.46937186030529304,7.097602233915048,1
80,255,182.00170523609162,35.76750039187035,855600,0.31715175525419204,7.104451774202823,1
58,255,175.33350280504908,56.818194714664976,855600,0.42577276893443533,7.185612047394044,1
43,255,187.90229195885928,57.596776383109194,855600,0.44676060715195604,7.014404745263854,1
49,255,173.09504441327724,50.9952683340274,855600,0.6629734306840184,7.477230125884737,1
64,255,168.56247545582048,60.71011077874808,855600,0.4511958592384108,6.834805601104122,1
26,255,148.85651589527816,59.71485121047101,855600,0.7953941197324198,7.740354418677718,1
59,255,164.6683695652174,62.83212159363173,855600,0.4797861702208652,6.82821491239714,1
51,255,176.02771154745207,46.62690476501111,855600,0.3789268476919259,7.173391402079095,1
131,255,206.13320009350164,38.66324134827076,855600,0.19360157037872697,5.8603377628629065,1
44,255,168.98317671809258,49.29687510953723,855600,0.39932047480203064,7.241855244584798,1
58,255,184.91667134174847,44.52286180419151,855600,0.28404658299209357,6.707133782761739,1
38,255,163.34254558204768,65.74102236836607,855600,0.3849855147142172,6.857830573450568,1
34,255,143.38297568957458,50.422810290550885,855600,0.40153810084526165,7.419812545261416,1
31,255,156.91023959794296,52.70178219500535,855600,0.6464208445529633,7.634420559176781,1
34,255,163.17963534361851,52.21504202173222,855600,0.5967630861598213,7.484488024009673,1
12,255,87.53525011687705,51.37838637782208,855600,0.4776481533708179,7.456232859479338,1
24,255,176.54817671809258,40.06307095350905,855600,0.37892684769191526,7.206278136040206,1
38,255,130.78850631136044,44.70261330703799,855600,0.5636579138977353,7.439042162324635,1
53,255,160.60230715287517,65.09295324917655,855600,0.4919831134586367,6.850511559497811,1
120,255,207.03800374006545,25.84281038980418,855600,0.37670922164867965,6.629253203736829,1
48,255,167.11215170640486,60.73919206039071,855600,0.49420073950186527,7.197867545108887,1
82,255,192.27344787283778,48.2853718396599,855600,0.3540979684953481,6.905096806026506,1
41,255,162.3239095371669,62.044937017779326,855600,0.4875478613721742,7.211870241378802,1
63,255,189.77979546517065,42.903471692488054,855600,0.24104170272864667,6.618108962321834,1
59,255,190.75412692847124,48.33194547016559,855600,0.4693718603052835,7.25060400104132,1
34,255,136.74148316970548,49.554544851358145,855600,0.5846457521152412,7.548912492340748,1
55,255,187.4872159887798,49.49580603981704,855600,0.4897654874153908,7.303025034777913,1
71,255,133.14611734455352,32.87117875981372,855600,0.4897654874154112,6.9416920778136415,1
45,255,188.28866643291258,54.29203373162791,855600,0.401538100845265,7.303201515441665,1
23,255,102.88348761103319,43.198280670805744,855600,0.4837068203931099,7.181796199862436,1
82,255,180.36200327255727,37.39067562334066,855600,0.44454298110872364,7.15277674552123,1
21,255,117.80746259934548,51.91552605819515,855600,0.6464208445529728,7.594706338976612,1
13,255,142.59377279102384,54.76721732075836,855600,0.6359269254442202,7.6449884622346564,1
48,255,179.39818256194482,38.94063009264856,855600,0.33370434138525046,6.935634782889485,1
33,255,97.22966690042075,37.64155608765003,855600,0.39932047480203803,6.872918237906759,1
17,255,160.06129733520336,68.432411836167,855600,0.5967630861598257,7.7074478773410835,1
16,255,131.4993770453483,61.33802468427882,855600,0.4837068203931161,7.416981729890137,1
37,255,148.21985741000466,56.94746063947848,855600,0.407596767867562,7.238519671416455,1
27,255,132.34879499766245,47.599082904841815,855600,0.570310792027417,7.525140324652344,1
47,255,139.84436068256196,42.19989341589747,855600,0.5454819128308414,7.3708597956392135,1
25,255,148.44705820476858,75.82614748379417,855600,0.4053791418243203,6.938775627888057,1
52,255,152.57273959794296,57.14128098197352,855600,0.4964183655450898,7.564942681996898,1
70,255,159.45866292660122,37.1068772772614,855600,0.4927948209265505,7.197165252655388,1
49,255,156.02545932678822,47.09844777305797,855600,0.5333645787862538,7.468365412239661,1
31,255,159.09238779803647,53.18055060914893,855600,0.6094746313118105,7.5144016518511725,1
51,255,192.80015661524078,51.85709349585672,855600,0.38498551471422426,7.214163025174491,1
74,255,162.92259116409537,36.238381416334946,855600,0.483706820393118,7.161459156154668,1
90,255,150.46268817204302,29.687191229805023,855600,0.45281927417424944,6.834343669821332,1
57,255,119.95006311360449,35.318919382990444,855600,0.5145943666119823,7.009385554430873,1
94,255,164.83770804114073,38.94510091770545,855600,0.44232535506548043,7.120460213625809,1
47,255,168.13311711079945,59.89331546612962,855600,0.4757276328812916,7.17026266843402,1
18,255,132.3705551659654,63.69389776814492,855600,0.6464208445529702,7.700340157530824,1
48,255,125.85573983169705,44.9540841941117,855600,0.4467606071519506,7.301638913306989,1
21,255,133.62047101449275,66.35565006833502,855600,0.5168119926552145,7.597667446763503,1
49,255,161.9538896680692,45.5023468672164,855600,0.46937186030529876,7.362870776103568,1
18,255,135.44228494623655,60.11862984144189,855600,0.47986577941404995,7.4151608091466255,1
34,255,155.9995675549322,64.33474951484547,855600,0.50025940652417,7.257724530209499,1
33,255,163.9984093034128,51.177516763783736,855600,0.5123767405687562,7.365031714159383,1
49,255,145.37514258999533,64.91986027572378,855600,0.49420073950186166,6.96620258748257,1
34,255,114.66155212716222,40.81082206119348,855600,0.47543052732758867,7.12981309106882,1
74,255,208.8572966339411,41.09712667713292,855600,0.35409796849535496,6.621762116236868,1
70,255,172.26543945769052,58.68140920599198,855600,0.42414935399861203,6.811707675454322,1
20,255,139.23259233286583,58.98281416179497,855600,0.47764815337081507,7.408892010408152,1
84,255,145.00247545582047,30.696835490969374,855600,0.4693718603052898,6.871860820829154,1
31,255,141.85902875175316,50.07658979436887,855600,0.6464208445529712,7.425298934803061,1
27,255,173.26507012622722,64.12748482560497,855600,0.53942324580857,7.542743765014012,1
54,255,176.90537283777465,45.67887133785857,855600,0.5620344989618914,7.385129322248181,1
78,255,208.14750467508182,27.33212812994681,855600,0.27577028992656744,6.371433202170088,1
51,255,173.94073048153342,46.68834406926599,855600,0.5779928739855377,7.423493527830588,1
69,255,186.35052360916316,51.14642423906149,855600,0.5228706596775062,7.310381371458331,1
42,255,180.9394296400187,49.56453541471145,855600,0.35409796849534714,7.077146974958595,1
89,255,159.99113370733988,40.189375442782804,855600,0.4467606071519496,7.159107308081,1
62,255,135.6696914446003,34.419623509176986,855600,0.3623742615608778,6.946829603549638,1
48,255,192.00199859747545,54.3014271143535,855600,0.4384843140864248,6.94313303326241,1
74,255,162.37284478728378,36.57586901046536,855600,0.5620344989618942,7.164878141212733,1
50,255,166.92254324450678,41.22556310445562,855600,0.562034498961896,7.163349476459842,1
73,255,189.86545465170641,39.87129935876514,855600,0.5123767405687407,7.1743506602253415,1
33,255,155.06263674614306,57.000876747145874,855600,0.44676060715194454,7.5942623750612555,1
44,255,176.30556919121085,44.9246862027403,855600,0.475430527327594,7.233665943509125,1
59,255,182.68297919588593,47.550095668571096,855600,0.6094746313118096,7.342248480207817,1
64,255,160.23258648901356,58.8518822668305,855600,0.44454298110872187,6.9724464725754665,1
74,255,171.9001811594203,43.78944248856643,855600,0.4467606071519521,7.205415115527319,1
37,255,161.92779336138383,54.96259511647595,855600,0.7215016932500883,7.612861148381713,1
20,255,163.63516245909304,67.2552174681764,855600,0.5824281260720087,7.668625136197154,1
66,255,170.82942145862552,43.68041498289707,855600,0.3579390094744184,7.243744668938279,1
44,255,169.8880878915381,61.416443256899434,855600,0.3767092216486923,6.805756388447898,1
83,255,160.98252571294998,36.44945695445064,855600,0.397102848758813,6.9535542507377475,1
32,255,155.61017765310893,58.6751957776681,855600,0.5575992468754372,7.617158211167423,1
82,255,211.6956860682562,25.954016104198153,855600,0.2614353298387559,6.276169707355566,1
50,255,131.99804698457223,37.86103443688244,855600,0.45281927417424644,7.063252115604133,1
71,255,163.18968326320712,42.94337099163289,855600,0.46493660821883326,7.174568530762602,1
31,255,149.23631603553062,64.34889446068567,855600,0.4715894863485118,7.538057478109324,1
38,255,183.37197405329593,56.924848900578546,855600,0.41587306093309223,7.382066655124329,1
21,255,108.09678821879383,53.44816461373957,855600,0.45281927417425755,7.585019893188169,1
29,255,151.43703366058907,59.60045093338334,855600,0.5703107920274276,7.637127415286376,1
58,255,190.62176250584386,34.32755489045296,855600,0.3232104222764825,6.742625899947884,1
40,255,164.48793595137914,54.65579791106859,855600,0.4219317279553853,7.529047129259573,1
65,255,137.58833099579243,45.69990394457173,855600,0.4942007395018597,7.289845399806792,1
56,255,156.32199392239363,56.45100606862426,855600,0.4897654874154041,7.537337702670415,1
57,255,170.91610682561944,43.31069162366106,855600,0.44676060715195004,7.304803643649275,1
34,255,135.21268700327255,56.161015775568394,855600,0.4693718603053016,7.6371997419681055,1
27,255,152.99572580645162,54.17044237607641,855600,0.6569147636617202,7.671749315870169,1
31,255,156.2190404394577,70.52301310087266,855600,0.39326180777974634,6.892577061431586,1
68,255,194.20230364656382,41.29394767528361,855600,0.23882407668540542,6.552386591851803,1
69,255,174.12246376811595,38.39443759273755,855600,0.3314867153420075,7.204234710774214,1
37,255,175.69507246376813,52.73594592448002,855600,0.3789268476919287,7.1574162003560335,1
46,255,151.88666783543712,47.903383526105756,855600,0.28626420903531974,7.378105206220984,1
53,255,124.10445184665731,35.516048599067155,855600,0.3684329285831735,6.926945981697748,1
26,255,150.22052127162226,55.325603064706705,855600,0.6496676744246243,7.568517831427926,1
41,255,185.88239597942965,55.579875832281594,855600,0.41365543488985296,7.345023299594879,1
49,255,148.6382713884993,57.81278448804455,855600,0.5126738461224453,7.588184467875305,1
33,255,125.96204885460496,46.082075825118636,855600,0.572528418070651,7.472635857860419,1
37,255,163.3446657316503,56.929005920684595,855600,0.5327703676788559,7.56242907858054,1
61,255,149.55697171575503,38.940098909455905,855600,0.601198338246279,7.252475486168683,1
71,255,146.14004207573632,33.289419580486964,855600,0.3540979684953496,6.93090523349825,1
24,255,147.73126928471248,57.48198699317418,855600,0.47764815337081973,7.627682989582426,1
83,255,214.18794880785413,37.037869680725336,855600,0.3314867153420043,6.472247175740429,1
29,255,159.3959700794764,53.706602543241985,855600,0.527305911763957,7.409435885700628,1
56,255,179.64905329593267,48.658717576660415,855600,0.6298682584219175,7.386329928989526,1
75,255,175.79730715287516,56.74210057198097,855600,0.40759676786755117,6.767340429125966,1
24,255,142.40109981299673,61.52658058301916,855600,0.6072570052685791,7.6772270782990075,1
40,255,172.440791257597,46.80679905979302,855600,0.48976548741540915,7.280301526433169,1
118,255,199.2127863487611,43.825319725456716,855600,0.2079365304665459,5.976715688881914,1
42,255,156.91705703599814,55.02543055953999,855600,0.3993204748020303,7.217128341810447,1
25,255,127.78537517531556,61.66320496961149,855600,0.4610955672397712,7.2749857385886765,1
53,255,185.2448667601683,36.543920344375444,855600,0.3292690892987788,6.83569614445447,1
28,255,181.0395932678822,38.06767884841546,855600,0.37005634351900324,7.122544142361042,1
72,255,189.87069775596072,34.31696471881221,855600,0.4875478613721802,6.878057371819516,1
14,255,127.39282374941561,62.64870084115774,855600,0.4919831134586384,7.417023590927333,1
26,255,118.77920523609163,54.352505500301525,855600,0.44291956617288847,7.62677173645021,1
68,255,182.68761921458625,53.22290830775586,855600,0.3767092216486921,7.03774699928601,1
37,255,135.61710729312762,59.76500828876099,855600,0.5394232458085538,7.653821494577446,1
52,255,151.15320243104253,47.31419672830317,855600,0.5002594065241607,7.377943037602142,1
42,255,135.41353436185133,43.410235192703645,855600,0.5499171649173101,7.40607176695334,1
64,255,202.12144109396914,36.67141664582259,855600,0.30444021010220396,6.680113205726524,1
49,255,175.91498714352502,57.49840280136173,855600,0.3706505546263971,6.74444105022236,1
60,255,160.79049322113136,43.913688335479684,855600,0.3767092216486858,7.111074703420563,1
40,255,121.92409770920992,39.514636667088496,855600,0.4671542342620664,7.09954725357095,1
48,255,190.59460846189808,53.05728955042492,855600,0.39326180777975,7.257398131540121,1
68,255,146.62753389434314,41.13793448581699,855600,0.41971410191214215,7.204128955587735,1
138,255,209.2600677886863,36.324327890861895,855600,0.18532527731320528,5.7978617652520565,1
46,255,135.2803494623656,47.00100294871904,855600,0.5190296186984362,7.2685784431287335,1
37,255,113.82241584852736,47.17949432999754,855600,0.45887794119654385,7.340587455042997,1
74,255,178.17653576437587,37.04892680289651,855600,0.329269089298776,7.153490027251421,1
42,255,173.0302407667134,41.61102644349406,855600,0.3540979684953547,7.0274133240590535,1
24,255,118.35268232819074,57.35863301114342,855600,0.4980417804809338,7.638366626476397,1
28,255,153.82859396914446,55.4441673753215,855600,0.46715423426206476,7.600270171090924,1
44,255,176.41400888265545,53.255279401350094,855600,0.5250882857207372,7.453427446966101,1
54,255,179.2879593267882,45.419055160936914,855600,0.3767092216486927,7.139361115841504,1
99,255,169.42300841514725,37.73763828660463,855600,0.42414935399860854,7.078945939052044,1
48,255,117.89159186535764,36.03591814858411,855600,0.3789268476919281,6.931664605479583,1
37,255,160.37109163160355,63.37027614184809,855600,0.6320858844651648,7.6622954890618855,1
55,255,186.65542776998598,40.257015606089396,855600,0.4489782331951781,7.093344911591818,1
20,255,158.02699742870502,50.085789111334655,855600,0.5989807122030534,7.515120749747455,1
43,255,148.82830177653108,48.06894166673415,855600,0.5454819128308502,7.501458999106049,1
40,255,172.24472300140252,54.610163543233746,855600,0.5394232458085547,7.503351181651258,1
25,255,154.51266362786347,56.49684550174008,855600,0.5388290347011472,7.458800850424776,1
96,255,192.29422744273026,32.28895000663207,855600,0.29232287605762025,6.954795282437079,1
